word,valence,arousal,dominance,Publication,Political Compass/Theme
moment,0.663551401853437,0.5351629502186303,0.6893203883678951,The Daily Mail,Right-Wing
dad,0.8224299066272163,0.4219554030866842,0.6504854368592704,The Daily Mail,Right-Wing
beat,0.551401869137916,0.6380789022550009,0.427184466012348,The Daily Mail,Right-Wing
live,0.6261682243750546,0.6419382504544351,0.8058252427481383,The Daily Mail,Right-Wing
speech,0.5981308411961743,0.5145797598731056,0.6699029126863982,The Daily Mail,Right-Wing
amid,0.5887850467564852,0.2881646654548397,0.6213592232642096,The Daily Mail,Right-Wing
pension,0.682242990732815,0.4425385934322087,0.4563106796074087,The Daily Mail,Right-Wing
reform,0.570093458017294,0.5145797598731056,0.572815533987652,The Daily Mail,Right-Wing
protest,0.4112149532435147,0.8953687822687406,0.6116504854962768,The Daily Mail,Right-Wing
moment,0.663551401853437,0.5351629502186303,0.6893203883678951,The Daily Mail,Right-Wing
soldier,0.4205607476832037,0.6483704975049501,0.3495145631407296,The Daily Mail,Right-Wing
russian,0.4976635514251244,0.4586192109813093,0.4757281552889056,The Daily Mail,Right-Wing
tank,0.4205607476832037,0.6483704975049501,0.4563106796074087,The Daily Mail,Right-Wing
missile,0.2873831775835226,0.7204116637914731,0.2233009708469224,The Daily Mail,Right-Wing
soldier,0.4205607476832037,0.6483704975049501,0.3495145631407296,The Daily Mail,Right-Wing
oh,0.5151869159119246,0.5358061749699938,0.5436893203925912,The Daily Mail,Right-Wing
people,0.6991822430233262,0.6586620926005254,0.4368932039259119,The Daily Mail,Right-Wing
react,0.5940420561025253,0.6515866209530207,0.6116504854962768,The Daily Mail,Right-Wing
tongue,0.5233644859590357,0.6792452831004239,0.6796116504543313,The Daily Mail,Right-Wing
suck,0.4450934579647239,0.8027444254823193,0.417475728098784,The Daily Mail,Right-Wing
video,0.6915887850323172,0.6380789022550009,0.6796116504543313,The Daily Mail,Right-Wing
northern,0.682242990732815,0.2469982847637905,0.5782766990367258,The Daily Mail,Right-Wing
speech,0.5981308411961743,0.5145797598731056,0.6699029126863982,The Daily Mail,Right-Wing
dramatic,0.4205607476832037,0.6895368781959993,0.3203883495456688,The Daily Mail,Right-Wing
moment,0.663551401853437,0.5351629502186303,0.6893203883678951,The Daily Mail,Right-Wing
pension,0.682242990732815,0.4425385934322087,0.4563106796074087,The Daily Mail,Right-Wing
try,0.7079439252667263,0.5866209263140025,0.8155339806617022,The Daily Mail,Right-Wing
tackle,0.4672897196012751,0.7191252144431196,0.5339805824790272,The Daily Mail,Right-Wing
moment,0.663551401853437,0.5351629502186303,0.6893203883678951,The Daily Mail,Right-Wing
push,0.5981308411961743,0.411663807836735,0.6310679611777735,The Daily Mail,Right-Wing
aside,0.5233644859590357,0.339622641550212,0.4757281552889056,The Daily Mail,Right-Wing
hug,0.8878504672844789,0.4734133790276825,0.5048543688839664,The Daily Mail,Right-Wing
female,0.6904205607799261,0.5545353646978001,0.6601941747728344,The Daily Mail,Right-Wing
diplomat,0.5140186916595335,0.4322469983366334,0.5533980583061551,The Daily Mail,Right-Wing
prince,0.6542056075539348,0.5042881646231564,0.5922330096691487,The Daily Express,Right-Wing
king,0.5327102803987247,0.6544243769910972,0.6310679611777735,The Daily Express,Right-Wing
row,0.4205607476832037,0.6033447684600929,0.5339805824790272,The Daily Express,Right-Wing
money,0.8037383177478382,0.7924528302323699,0.6875000000182038,The Daily Express,Right-Wing
new,0.7692757009705269,0.4939965695275811,0.5825242719012159,The Daily Express,Right-Wing
book,0.8043224299441272,0.3704974271456858,0.86407766993826,The Daily Express,Right-Wing
queen,0.6991822430233262,0.5272929068557641,0.6019417475827127,The Daily Express,Right-Wing
prepare,0.6542056075539348,0.5840480274629217,0.8058252427481383,The Daily Express,Right-Wing
new,0.7692757009705269,0.4939965695275811,0.5825242719012159,The Daily Express,Right-Wing
role,0.5233644859590357,0.4322469983366334,0.5533980583061551,The Daily Express,Right-Wing
stop,0.3457943925862521,0.7821612349824207,0.4077669903308511,The Daily Express,Right-Wing
oil,0.457943925301773,0.5145797598731056,0.4563106796074087,The Daily Express,Right-Wing
attack,0.336448598146563,1.0,0.3883495145037233,The Daily Express,Right-Wing
exhibit,0.6355140186745567,0.4734133790276825,0.6019417475827127,The Daily Express,Right-Wing
cause,0.5140186916595335,0.58177782269421,0.572815533987652,The Daily Express,Right-Wing
death,0.06542056079744958,0.7512864493869469,0.2427184465284193,The Daily Express,Right-Wing
police,0.3831775700646344,0.7821612349824207,0.3592233009086624,The Daily Express,Right-Wing
diver,0.5233644859590357,0.5025728987738938,0.3017176996894871,The Daily Express,Right-Wing
search,0.5887850467564852,0.5145797598731056,0.5922330096691487,The Daily Express,Right-Wing
river,0.794392523448336,0.2881646654548397,0.4757281552889056,The Daily Express,Right-Wing
boy,0.682242990732815,0.333190394499697,0.4781553398037043,The Daily Express,Right-Wing
video,0.6915887850323172,0.6380789022550009,0.6796116504543313,The Daily Express,Right-Wing
go,0.7476635513900777,0.5969125214095777,0.8446601942567631,The Daily Express,Right-Wing
viral,0.448598130862084,0.6586620926005254,0.3598300970737699,The Daily Express,Right-Wing
prince,0.6542056075539348,0.5042881646231564,0.5922330096691487,The Daily Express,Right-Wing
title,0.551401869137916,0.5866209263140025,0.6796116504543313,The Daily Express,Right-Wing
level,0.6448598131142457,0.4200257289869671,0.6310679611777735,The Daily Express,Right-Wing
care,0.8598130841055986,0.3190394510503134,0.6601941747728344,The Daily Express,Right-Wing
home,0.9158878504633592,0.1112778730322289,0.8737864078518238,The Daily Express,Right-Wing
resident,0.6074766354956764,0.3825042880905237,0.572815533987652,The Daily Express,Right-Wing
take,0.5327102803987247,0.5248713551230548,0.6407766990913374,The Daily Express,Right-Wing
sky,0.8043224299441272,0.3602058318957365,0.5691747572882694,The Daily Express,Right-Wing
sewage,0.224299065431042,0.5145797598731056,0.2718446601234801,The Daily Express,Right-Wing
coast,0.6915887850323172,0.3499142366457873,0.5339805824790272,The Daily Express,Right-Wing
minute,0.6261682243750546,0.3814322469926248,0.4599514563067914,The Daily Express,Right-Wing
first,0.7476635513900777,0.5969125214095777,0.7475728155580167,The Daily Express,Right-Wing
airport,0.7507788162967652,0.6033447684600929,0.3962378640675959,The Daily Express,Right-Wing
liquid,0.6378504673195257,0.4837049742776318,0.5533980583061551,The Daily Express,Right-Wing
rule,0.448598130862084,0.452830188682158,0.572815533987652,The Daily Express,Right-Wing
british,0.6290887850761255,0.555102915967165,0.4872572815521609,The BBC,Centrist
helicopter,0.682242990732815,0.6792452831004239,0.5825242719012159,The BBC,Centrist
asset,0.6915887850323172,0.5042881646231564,0.6213592232642096,The BBC,Centrist
lawyer,0.448598130862084,0.6072041166595271,0.4951456311160334,The BBC,Centrist
say,0.6261682243750546,0.5358061749699938,0.7512135922573994,The BBC,Centrist
say,0.6261682243750546,0.5358061749699938,0.7512135922573994,The BBC,Centrist
buy,0.6355140186745567,0.5660377358141041,0.5145631067975304,The BBC,Centrist
legal,0.560747663577605,0.2984562607047889,0.6601941747728344,The BBC,Centrist
reason,0.7254672897535265,0.4219554030866842,0.5873786407851823,The BBC,Centrist
president,0.4112149532435147,0.6072041166595271,0.3883495145037233,The BBC,Centrist
video,0.6915887850323172,0.6380789022550009,0.6796116504543313,The BBC,Centrist
document,0.457943925301773,0.3087478559547381,0.6213592232642096,The BBC,Centrist
leak,0.3925233645043235,0.4972126929756516,0.4326456310614218,The BBC,Centrist
responsible,0.7009345794720062,0.6048291332115575,0.6825989544837474,The BBC,Centrist
scientist,0.7476635513900777,0.5636161840813948,0.6407766990913374,The BBC,Centrist
create,0.7254672897535265,0.6277873070050516,0.7281553398765199,The BBC,Centrist
robotic,0.6915887850323172,0.5042881646231564,0.417475728098784,The BBC,Centrist
hand,0.6542056075539348,0.3499142366457873,0.6310679611777735,The BBC,Centrist
able,0.7058823530236392,0.5969125214095777,0.8058252427481383,The BBC,Centrist
hold,0.551401869137916,0.4734133790276825,0.4951456311160334,The BBC,Centrist
object,0.4766355140409642,0.3807890222412611,0.6310679611777735,The BBC,Centrist
alcoholic,0.1308411214547122,0.9056603773643159,0.2427184465284193,The BBC,Centrist
dog,0.8130841121875272,0.4364847139460616,0.5242718447110942,The BBC,Centrist
make,0.6728971962931259,0.4734133790276825,0.7603155340058558,The BBC,Centrist
recovery,0.8411214953664075,0.2367066895138413,0.5825242719012159,The BBC,Centrist
short,0.5327102803987247,0.4837049742776318,0.4757281552889056,The BBC,Centrist
dog,0.8130841121875272,0.4364847139460616,0.5242718447110942,The BBC,Centrist
northern,0.682242990732815,0.2469982847637905,0.5782766990367258,The BBC,Centrist
peace,0.9357476635951283,0.1595197255251568,0.8058252427481383,The BBC,Centrist
baby,0.8130841121875272,0.3814322469926248,0.563106796074088,The BBC,Centrist
reflect,0.5794392523167962,0.2572898798593659,0.5825242719012159,The BBC,Centrist
good,0.7570093458297666,0.2270583190152557,0.8349514563431991,The BBC,Centrist
agreement,0.7102803739116953,0.4734133790276825,0.7475728155580167,The BBC,Centrist
anniversary,0.775700934568958,0.6895368781959993,0.6310679611777735,The BBC,Centrist
night,0.775700934568958,0.3499142366457873,0.6504854368592704,The BBC,Centrist
give,0.7383177570905756,0.5969125214095777,0.7876213592512253,The BBC,Centrist
speech,0.5981308411961743,0.5145797598731056,0.6699029126863982,The BBC,Centrist
northern,0.682242990732815,0.2469982847637905,0.5782766990367258,The BBC,Centrist
mark,0.5046728972198444,0.4631217839321072,0.6213592232642096,The BBC,Centrist
year,0.4672897196012751,0.3704974271456858,0.4690533980552479,The BBC,Centrist
good,0.7570093458297666,0.2270583190152557,0.8349514563431991,The BBC,Centrist
agreement,0.7102803739116953,0.4734133790276825,0.7475728155580167,The BBC,Centrist
tech,0.7383177570905756,0.4489708404827237,0.5792880258329406,The Financial Times,Centrist
partnership,0.7429906542403266,0.5068610634742372,0.6796116504543313,The Financial Times,Centrist
change,0.8037383177478382,0.7101200686958977,0.6966019417666603,The Financial Times,Centrist
tech,0.7383177570905756,0.4489708404827237,0.5792880258329406,The Financial Times,Centrist
addiction,0.2149532709913529,0.8439108061733683,0.2135922329333585,The Financial Times,Centrist
chef,0.7118380062949456,0.4939965695275811,0.5825242719012159,The Financial Times,Centrist
chocolate,0.8568925234045276,0.690180102947363,0.6601941747728344,The Financial Times,Centrist
price,0.336448598146563,0.5042881646231564,0.427184466012348,The Financial Times,Centrist
pace,0.5794392523167962,0.5217047103713882,0.5705750560748131,The Financial Times,Centrist
four,0.5467289719881648,0.4013722127411596,0.5048543688839664,The Financial Times,Centrist
decade,0.5151869159119246,0.4219554030866842,0.427184466012348,The Financial Times,Centrist
north,0.682242990732815,0.5557461407185287,0.6699029126863982,The Financial Times,Centrist
ghost,0.4766355140409642,0.5660377358141041,0.3786407767357903,The Financial Times,Centrist
ship,0.6728971962931259,0.3729189788783951,0.3871359223191393,The Financial Times,Centrist
spy,0.4018691589440125,0.6998284734459485,0.4599514563067914,The Financial Times,Centrist
film,0.8037383177478382,0.4219554030866842,0.563106796074088,The Financial Times,Centrist
visit,0.7009345794720062,0.5999394611526514,0.6116504854962768,The Financial Times,Centrist
face,0.5950155762894866,0.4013722127411596,0.6310679611777735,The Financial Times,Centrist
battle,0.3837616822609234,0.9365351629597898,0.4563106796074087,The Financial Times,Centrist
asian,0.6904205607799261,0.5248713551230548,0.4757281552889056,The Financial Times,Centrist
finance,0.4007696536168583,0.5351629502186303,0.3980582524172872,The Financial Times,Centrist
minister,0.3644859813254432,0.3807890222412611,0.4077669903308511,The Financial Times,Centrist
talk,0.6542056075539348,0.4682675814798949,0.7087378640493919,The Financial Times,Centrist
building,0.6115654205893254,0.4322469983366334,0.3980582524172872,The Financial Times,Centrist
battery,0.5852803738591252,0.4779159519784805,0.5436893203925912,The Financial Times,Centrist
acquisition,0.560747663577605,0.58177782269421,0.6796116504543313,The Financial Times,Centrist
due,0.4112149532435147,0.8130360205778945,0.4077669903308511,The Financial Times,Centrist
credit,0.4205607476832037,0.4972126929756516,0.4854368932024695,The Financial Times,Centrist
mean,0.224299065431042,0.6895368781959993,0.6213592232642096,The Financial Times,Centrist
new,0.7692757009705269,0.4939965695275811,0.5825242719012159,The Guardian,Left-Wing
rugby,0.4672897196012751,0.5351629502186303,0.4660194175209728,The Guardian,Left-Wing
team,0.6728971962931259,0.5042881646231564,0.7669902912395136,The Guardian,Left-Wing
black,0.5327102803987247,0.5763293310640533,0.6019417475827127,The Guardian,Left-Wing
visit,0.7009345794720062,0.5999394611526514,0.6116504854962768,The Guardian,Left-Wing
voice,0.682242990732815,0.5145797598731056,0.7572815534715807,The Guardian,Left-Wing
democrat,0.5981308411961743,0.452830188682158,0.5922330096691487,The Guardian,Left-Wing
charge,0.5327102803987247,0.7710779787375223,0.4921583270866173,The Guardian,Left-Wing
sign,0.6355140186745567,0.4631217839321072,0.4508495145583348,The Guardian,Left-Wing
weakness,0.2616822430496113,0.452830188682158,0.281553398037044,The Guardian,Left-Wing
bank,0.5981308411961743,0.5660377358141041,0.6699029126863982,The Guardian,Left-Wing
governor,0.417262231982115,0.5068610634742372,0.4031981725148735,The Guardian,Left-Wing
watch,0.6816588785365261,0.4322469983366334,0.572815533987652,The Guardian,Left-Wing
live,0.6261682243750546,0.6419382504544351,0.8058252427481383,The Guardian,Left-Wing
speech,0.5981308411961743,0.5145797598731056,0.6699029126863982,The Guardian,Left-Wing
university,0.6542056075539348,0.7615780446368962,0.6990291262814591,The Guardian,Left-Wing
watch,0.6816588785365261,0.4322469983366334,0.572815533987652,The Guardian,Left-Wing
live,0.6261682243750546,0.6419382504544351,0.8058252427481383,The Guardian,Left-Wing
call,0.551401869137916,0.6483704975049501,0.4660194175209728,The Guardian,Left-Wing
return,0.6168224299353654,0.3910806174912104,0.5825242719012159,The Guardian,Left-Wing
northern,0.682242990732815,0.2469982847637905,0.5782766990367258,The Guardian,Left-Wing
first,0.7476635513900777,0.5969125214095777,0.7475728155580167,The Guardian,Left-Wing
wild,0.7476635513900777,0.7718696398868454,0.5533980583061551,The Guardian,Left-Wing
year,0.4672897196012751,0.3704974271456858,0.4690533980552479,The Guardian,Left-Wing
tree,0.7196261682111974,0.2469982847637905,0.7378640776444527,The Guardian,Left-Wing
camera,0.7342289719969265,0.6483704975049501,0.5436893203925912,The Guardian,Left-Wing
urge,0.5981308411961743,0.7615780446368962,0.2718446601234801,The Guardian,Left-Wing
world,0.694464414144601,0.5969125214095777,0.4757281552889056,The Guardian,Left-Wing
leader,0.5244639912861899,0.8027444254823193,0.6504854368592704,The Guardian,Left-Wing
act,0.6448598131142457,0.5042881646231564,0.7281553398765199,The Guardian,Left-Wing
clip,0.5414719626421248,0.3814322469926248,0.5048543688839664,The Guardian,Left-Wing
caution,0.448598130862084,0.5969125214095777,0.5242718447110942,The Mirror,Left-Wing
police,0.3831775700646344,0.7821612349824207,0.3592233009086624,The Mirror,Left-Wing
sexual,0.7850467290086469,0.8542024014233176,0.4963592233006173,The Mirror,Left-Wing
claim,0.560747663577605,0.3190394510503134,0.6328883495274649,The Mirror,Left-Wing
attend,0.5409565695112596,0.6380789022550009,0.7669902912395136,The Mirror,Left-Wing
king,0.5327102803987247,0.6544243769910972,0.6310679611777735,The Mirror,Left-Wing
rugby,0.4672897196012751,0.5351629502186303,0.4660194175209728,The Mirror,Left-Wing
team,0.6728971962931259,0.5042881646231564,0.7669902912395136,The Mirror,Left-Wing
irish,0.6991822430233262,0.4939965695275811,0.5339805824790272,The Mirror,Left-Wing
military,0.3551401868857542,0.690180102947363,0.281553398037044,The Mirror,Left-Wing
make,0.6728971962931259,0.4734133790276825,0.7603155340058558,The Mirror,Left-Wing
historic,0.6448598131142457,0.5840480274629217,0.3883495145037233,The Mirror,Left-Wing
visit,0.7009345794720062,0.5999394611526514,0.6116504854962768,The Mirror,Left-Wing
northern,0.682242990732815,0.2469982847637905,0.5782766990367258,The Mirror,Left-Wing
know,0.6542056075539348,0.4728079911716921,0.7961165048345744,The Mirror,Left-Wing
wind,0.5794392523167962,0.3807890222412611,0.3786407767357903,The Mirror,Left-Wing
sweep,0.4672897196012751,0.2675814751093151,0.5145631067975304,The Mirror,Left-Wing
white,0.5482866043714152,0.3524871354968681,0.6510922330243778,The Mirror,Left-Wing
house,0.8130841121875272,0.3814322469926248,0.7961165048345744,The Mirror,Left-Wing
battle,0.3837616822609234,0.9365351629597898,0.4563106796074087,The Mirror,Left-Wing
fire,0.4953271027801554,0.8336192110777929,0.1747572815703648,The Mirror,Left-Wing
new,0.7692757009705269,0.4939965695275811,0.5825242719012159,The Mirror,Left-Wing
document,0.457943925301773,0.3087478559547381,0.6213592232642096,The Mirror,Left-Wing
suggest,0.5821880153543078,0.5866209263140025,0.4854368932024695,The Mirror,Left-Wing
special,0.795560747700727,0.6483704975049501,0.7694174757543123,The Mirror,Left-Wing
force,0.4392523364223949,0.7821612349824207,0.4854368932024695,The Mirror,Left-Wing
junior,0.6355140186745567,0.3087478559547381,0.417475728098784,The Mirror,Left-Wing
doctor,0.457943925301773,0.5840480274629217,0.4563106796074087,The Mirror,Left-Wing
pay,0.5794392523167962,0.7615780446368962,0.5922330096691487,The Mirror,Left-Wing
see,0.682242990732815,0.4219554030866842,0.6116504854962768,The Pink Panther,Film & Animation
star,0.8598130841055986,0.3428387649982825,0.6783980582697473,The Pink Panther,Film & Animation
show,0.786799065457327,0.5454545454685794,0.6504854368592704,The Pink Panther,Film & Animation
band,0.7196261682111974,0.5351629502186303,0.6237864077790083,The Pink Panther,Film & Animation
practice,0.7342289719969265,0.4219554030866842,0.7961165048345744,The Pink Panther,Film & Animation
game,0.794392523448336,0.7307032590414223,0.8349514563431991,The Pink Panther,Film & Animation
show,0.786799065457327,0.5454545454685794,0.6504854368592704,The Pink Panther,Film & Animation
black,0.5327102803987247,0.5763293310640533,0.6019417475827127,The Pink Panther,Film & Animation
white,0.5482866043714152,0.3524871354968681,0.6510922330243778,The Pink Panther,Film & Animation
seek,0.6203271028327255,0.5042881646231564,0.5825242719012159,The Pink Panther,Film & Animation
shelter,0.6074766354956764,0.2463550600124269,0.563106796074088,The Pink Panther,Film & Animation
show,0.786799065457327,0.5454545454685794,0.6504854368592704,The Pink Panther,Film & Animation
play,0.8411214953664075,0.7821612349824207,0.8349514563431991,The Pink Panther,Film & Animation
music,0.8691588785452877,0.5763293310640533,0.7475728155580167,The Pink Panther,Film & Animation
bowl,0.5981308411961743,0.3602058318957365,0.563106796074088,The Pink Panther,Film & Animation
strike,0.3738317757651323,0.6380789022550009,0.5825242719012159,The Pink Panther,Film & Animation
feed,0.775700934568958,0.4631217839321072,0.5236650485459868,The Pink Panther,Film & Animation
elephant,0.8037383177478382,0.452830188682158,0.6310679611777735,The Pink Panther,Film & Animation
show,0.786799065457327,0.5454545454685794,0.6504854368592704,The Pink Panther,Film & Animation
go,0.7476635513900777,0.5969125214095777,0.8446601942567631,The Pink Panther,Film & Animation
jungle,0.6553738318063258,0.5351629502186303,0.563106796074088,The Pink Panther,Film & Animation
show,0.786799065457327,0.5454545454685794,0.6504854368592704,The Pink Panther,Film & Animation
live,0.6261682243750546,0.6419382504544351,0.8058252427481383,Percy The Pig,Film & Animation
live,0.6261682243750546,0.6419382504544351,0.8058252427481383,Percy The Pig,Film & Animation
pig,0.5140186916595335,0.4489708404827237,0.4660194175209728,Percy The Pig,Film & Animation
get,0.6261682243750546,0.5068610634742372,0.8058252427481383,Percy The Pig,Film & Animation
new,0.7692757009705269,0.4939965695275811,0.5825242719012159,Percy The Pig,Film & Animation
friendly,0.8878504672844789,0.5763293310640533,0.7421116505089428,Percy The Pig,Film & Animation
electric,0.6448598131142457,0.7089092926751691,0.4466019416938448,Percy The Pig,Film & Animation
car,0.5327102803987247,0.4837049742776318,0.572815533987652,Percy The Pig,Film & Animation
pig,0.5140186916595335,0.4489708404827237,0.4660194175209728,Percy The Pig,Film & Animation
official,0.6261682243750546,0.5454545454685794,0.4599514563067914,Percy The Pig,Film & Animation
family,0.8224299066272163,0.3093532438107285,0.4854368932024695,Percy The Pig,Film & Animation
kid,0.7289719626508865,0.4219554030866842,0.563106796074088,Percy The Pig,Film & Animation
cartoon,0.7780373832139269,0.5248713551230548,0.7669902912395136,Percy The Pig,Film & Animation
live,0.6261682243750546,0.6419382504544351,0.8058252427481383,Percy The Pig,Film & Animation
pig,0.5140186916595335,0.4489708404827237,0.4660194175209728,Percy The Pig,Film & Animation
live,0.6261682243750546,0.6419382504544351,0.8058252427481383,Percy The Pig,Film & Animation
pig,0.5140186916595335,0.4489708404827237,0.4660194175209728,Percy The Pig,Film & Animation
live,0.6261682243750546,0.6419382504544351,0.8058252427481383,Percy The Pig,Film & Animation
live,0.6261682243750546,0.6419382504544351,0.8058252427481383,Percy The Pig,Film & Animation
live,0.6261682243750546,0.6419382504544351,0.8058252427481383,Percy The Pig,Film & Animation
pig,0.5140186916595335,0.4489708404827237,0.4660194175209728,Percy The Pig,Film & Animation
brand,0.4205607476832037,0.5969125214095777,0.4781553398037043,Percy The Pig,Film & Animation
new,0.7692757009705269,0.4939965695275811,0.5825242719012159,Percy The Pig,Film & Animation
pig,0.5140186916595335,0.4489708404827237,0.4660194175209728,Percy The Pig,Film & Animation
live,0.6261682243750546,0.6419382504544351,0.8058252427481383,Percy The Pig,Film & Animation
song,0.9439252336422395,0.5351629502186303,0.6407766990913374,DanTDM,Gaming
one,0.5981308411961743,0.4631217839321072,0.7087378640493919,DanTDM,Gaming
hour,0.5414719626421248,0.345676521036359,0.5825242719012159,DanTDM,Gaming
award,0.8208722742439659,0.7307032590414223,0.8155339806617022,DanTDM,Gaming
worth,0.8037383177478382,0.4939965695275811,0.6310679611777735,DanTDM,Gaming
friend,0.9252336449030482,0.4631217839321072,0.718446601962956,DanTDM,Gaming
tablet,0.5887850467564852,0.339622641550212,0.7087378640493919,DanTDM,Gaming
door,0.5327102803987247,0.3293310463002628,0.6407766990913374,DanTDM,Gaming
ball,0.6203271028327255,0.3814322469926248,0.6783980582697473,DanTDM,Gaming
cost,0.4018691589440125,0.6895368781959993,0.3009708737185408,DanTDM,Gaming
believe,0.663551401853437,0.5557461407185287,0.6601941747728344,DanTDM,Gaming
year,0.4672897196012751,0.3704974271456858,0.4690533980552479,DanTDM,Gaming
car,0.5327102803987247,0.4837049742776318,0.572815533987652,Jelly,Gaming
king,0.5327102803987247,0.6544243769910972,0.6310679611777735,Jelly,Gaming
airplane,0.5981308411961743,0.6689536878504747,0.3592233009086624,Jelly,Gaming
door,0.5327102803987247,0.3293310463002628,0.6407766990913374,Jelly,Gaming
face,0.5950155762894866,0.4013722127411596,0.6310679611777735,Jelly,Gaming
face,0.5950155762894866,0.4013722127411596,0.6310679611777735,Jelly,Gaming
bridge,0.6261682243750546,0.411663807836735,0.572815533987652,Jelly,Gaming
quit,0.2523364486099223,0.7101200686958977,0.3883495145037233,Jelly,Gaming
painter,0.6728971962931259,0.2984562607047889,0.7087378640493919,Jelly,Gaming
get,0.6261682243750546,0.5068610634742372,0.8058252427481383,Jelly,Gaming
crushed,0.3574766355307232,0.6483704975049501,0.2718446601234801,Jelly,Gaming
face,0.5950155762894866,0.4013722127411596,0.6310679611777735,Jelly,Gaming
face,0.5950155762894866,0.4013722127411596,0.6310679611777735,Jelly,Gaming
switch,0.5327102803987247,0.411663807836735,0.6601941747728344,Jelly,Gaming
funny,0.7663551402694558,0.6998284734459485,0.8349514563431991,Jelly,Gaming
golf,0.5327102803987247,0.2911916051979132,0.4053398058160524,Jelly,Gaming
year,0.4672897196012751,0.3704974271456858,0.4690533980552479,Jeremy Lynch,People & Blogs
old,0.2990654205279937,0.4219554030866842,0.145631067975304,Jeremy Lynch,People & Blogs
toy,0.8656542056479277,0.4837049742776318,0.6310679611777735,Jeremy Lynch,People & Blogs
story,0.6168224299353654,0.3704974271456858,0.8058252427481383,Jeremy Lynch,People & Blogs
part,0.4953271027801554,0.2984562607047889,0.5048543688839664,Jeremy Lynch,People & Blogs
step,0.5233644859590357,0.5248713551230548,0.6310679611777735,Jeremy Lynch,People & Blogs
back,0.4626168224515241,0.3704974271456858,0.5145631067975304,Jeremy Lynch,People & Blogs
shoe,0.6115654205893254,0.2984562607047889,0.6116504854962768,Jeremy Lynch,People & Blogs
world,0.694464414144601,0.5969125214095777,0.4757281552889056,Jeremy Lynch,People & Blogs
football,0.4112149532435147,0.6174957119094763,0.5436893203925912,Jeremy Lynch,People & Blogs
skill,0.8317757009267185,0.5763293310640533,0.7572815534715807,Jeremy Lynch,People & Blogs
move,0.6168224299353654,0.4734133790276825,0.6116504854962768,Jeremy Lynch,People & Blogs
idea,0.8691588785452877,0.4296740994855526,0.7421116505089428,Jeremy Lynch,People & Blogs
try,0.7079439252667263,0.5866209263140025,0.8155339806617022,Jeremy Lynch,People & Blogs
match,0.7196261682111974,0.5042881646231564,0.7148058252635733,Jeremy Lynch,People & Blogs
impossible,0.2961448598269226,0.8027444254823193,0.3300970873136016,Jeremy Lynch,People & Blogs
corner,0.570093458017294,0.3602058318957365,0.5825242719012159,Jeremy Lynch,People & Blogs
football,0.4112149532435147,0.6174957119094763,0.5436893203925912,Jeremy Lynch,People & Blogs
new,0.7692757009705269,0.4939965695275811,0.5825242719012159,Jeremy Lynch,People & Blogs
secret,0.453855140208124,0.663505196220318,0.5339805824790272,Jeremy Lynch,People & Blogs
collection,0.7289719626508865,0.6174957119094763,0.6213592232642096,Jeremy Lynch,People & Blogs
black,0.5327102803987247,0.5763293310640533,0.6019417475827127,Jeremy Lynch,People & Blogs
part,0.4953271027801554,0.2984562607047889,0.5048543688839664,Jeremy Lynch,People & Blogs
beat,0.551401869137916,0.6380789022550009,0.427184466012348,Jeremy Lynch,People & Blogs
football,0.4112149532435147,0.6174957119094763,0.5436893203925912,Jeremy Lynch,People & Blogs
sound,0.7476635513900777,0.5743996569643361,0.5145631067975304,Jeremy Lynch,People & Blogs
meet,0.8224299066272163,0.6689536878504747,0.6310679611777735,Jeremy Lynch,People & Blogs
american,0.5151869159119246,0.5358061749699938,0.6116504854962768,Jeremy Lynch,People & Blogs
crazy,0.3750000000175233,0.6544243769910972,0.4466019416938448,Jeremy Lynch,People & Blogs
football,0.4112149532435147,0.6174957119094763,0.5436893203925912,Jeremy Lynch,People & Blogs
skill,0.8317757009267185,0.5763293310640533,0.7572815534715807,Jeremy Lynch,People & Blogs
monopoly,0.4976635514251244,0.6072041166595271,0.4757281552889056,The Sidemen,People & Blogs
play,0.8411214953664075,0.7821612349824207,0.8349514563431991,The Sidemen,People & Blogs
popular,0.5940420561025253,0.6072041166595271,0.7475728155580167,The Sidemen,People & Blogs
race,0.6261682243750546,0.6708833619501918,0.6419902912759213,The Sidemen,People & Blogs
time,0.5327102803987247,0.4939965695275811,0.3962378640675959,The Sidemen,People & Blogs
second,0.5794392523167962,0.452830188682158,0.4690533980552479,The Sidemen,People & Blogs
challenge,0.6915887850323172,0.7770154374346331,0.6783980582697473,The Sidemen,People & Blogs
controversial,0.4018691589440125,0.7101200686958977,0.4368932039259119,The Sidemen,People & Blogs
edition,0.570093458017294,0.3704974271456858,0.4854368932024695,The Sidemen,People & Blogs
world,0.694464414144601,0.5969125214095777,0.4757281552889056,The Sidemen,People & Blogs
record,0.6316657504500778,0.6277873070050516,0.6407766990913374,The Sidemen,People & Blogs
game,0.794392523448336,0.7307032590414223,0.8349514563431991,The Sidemen,People & Blogs
real,0.6448598131142457,0.5660377358141041,0.6213592232642096,The Sidemen,People & Blogs
challenge,0.6915887850323172,0.7770154374346331,0.6783980582697473,The Sidemen,People & Blogs
fan,0.7570093458297666,0.5763293310640533,0.6990291262814591,The Sidemen,People & Blogs
challenge,0.6915887850323172,0.7770154374346331,0.6783980582697473,The Sidemen,People & Blogs
guess,0.6028037383459254,0.5936963979615073,0.4757281552889056,The Sidemen,People & Blogs
model,0.5794392523167962,0.411663807836735,0.5339805824790272,The Sidemen,People & Blogs
reverse,0.4801401869383243,0.5182120876265435,0.3598300970737699,The Sidemen,People & Blogs
hide,0.4299065421228928,0.5647512864657506,0.3786407767357903,The Sidemen,People & Blogs
seek,0.6203271028327255,0.5042881646231564,0.5825242719012159,The Sidemen,People & Blogs
husky,0.8218457944309273,0.6129931389586784,0.5145631067975304,K'eyush The Stunt Dog,Animals & Nature
try,0.7079439252667263,0.5866209263140025,0.8155339806617022,K'eyush The Stunt Dog,Animals & Nature
wake,0.570093458017294,0.5840480274629217,0.5825242719012159,K'eyush The Stunt Dog,Animals & Nature
house,0.8130841121875272,0.3814322469926248,0.7961165048345744,K'eyush The Stunt Dog,Animals & Nature
moody,0.2710280373491135,0.7770154374346331,0.4077669903308511,K'eyush The Stunt Dog,Animals & Nature
suspicious,0.3084112149676828,0.6586620926005254,0.4368932039259119,K'eyush The Stunt Dog,Animals & Nature
husky,0.8218457944309273,0.6129931389586784,0.5145631067975304,K'eyush The Stunt Dog,Animals & Nature
run,0.4713785046949242,0.6174957119094763,0.6504854368592704,K'eyush The Stunt Dog,Animals & Nature
away,0.551401869137916,0.4007289879897959,0.6310679611777735,K'eyush The Stunt Dog,Animals & Nature
tell,0.5409565695112596,0.5261578044714083,0.5488292404901775,K'eyush The Stunt Dog,Animals & Nature
husky,0.8218457944309273,0.6129931389586784,0.5145631067975304,K'eyush The Stunt Dog,Animals & Nature
tell,0.5409565695112596,0.5261578044714083,0.5488292404901775,K'eyush The Stunt Dog,Animals & Nature
important,0.7570093458297666,0.6586620926005254,0.8155339806617022,K'eyush The Stunt Dog,Animals & Nature
husky,0.8218457944309273,0.6129931389586784,0.5145631067975304,K'eyush The Stunt Dog,Animals & Nature
wage,0.7570093458297666,0.6895368781959993,0.4326456310614218,K'eyush The Stunt Dog,Animals & Nature
husky,0.8218457944309273,0.6129931389586784,0.5145631067975304,K'eyush The Stunt Dog,Animals & Nature
battle,0.3837616822609234,0.9365351629597898,0.4563106796074087,K'eyush The Stunt Dog,Animals & Nature
win,0.8460692689180405,0.8747855917688422,0.8137623747877438,K'eyush The Stunt Dog,Animals & Nature
birthday,0.879054425508367,0.6271819191490613,0.6796116504543313,K'eyush The Stunt Dog,Animals & Nature
husky,0.8218457944309273,0.6129931389586784,0.5145631067975304,K'eyush The Stunt Dog,Animals & Nature
serious,0.5233644859590357,0.6586620926005254,0.6796116504543313,K'eyush The Stunt Dog,Animals & Nature
beef,0.4626168224515241,0.6090202805362459,0.6310679611777735,K'eyush The Stunt Dog,Animals & Nature
man,0.6168224299353654,0.5866209263140025,0.6601941747728344,K'eyush The Stunt Dog,Animals & Nature
husky,0.8218457944309273,0.6129931389586784,0.5145631067975304,K'eyush The Stunt Dog,Animals & Nature
try,0.7079439252667263,0.5866209263140025,0.8155339806617022,K'eyush The Stunt Dog,Animals & Nature
trade,0.6290887850761255,0.4837049742776318,0.6019417475827127,K'eyush The Stunt Dog,Animals & Nature
real,0.6448598131142457,0.5660377358141041,0.6213592232642096,K'eyush The Stunt Dog,Animals & Nature
one,0.5981308411961743,0.4631217839321072,0.7087378640493919,K'eyush The Stunt Dog,Animals & Nature
get,0.6261682243750546,0.5068610634742372,0.8058252427481383,K'eyush The Stunt Dog,Animals & Nature
move,0.6168224299353654,0.4734133790276825,0.6116504854962768,K'eyush The Stunt Dog,Animals & Nature
husky,0.8218457944309273,0.6129931389586784,0.5145631067975304,K'eyush The Stunt Dog,Animals & Nature
want,0.6553738318063258,0.5969125214095777,0.6601941747728344,K'eyush The Stunt Dog,Animals & Nature
husky,0.8218457944309273,0.6129931389586784,0.5145631067975304,K'eyush The Stunt Dog,Animals & Nature
patience,0.7289719626508865,0.2270583190152557,0.7876213592512253,K'eyush The Stunt Dog,Animals & Nature
run,0.4713785046949242,0.6174957119094763,0.6504854368592704,K'eyush The Stunt Dog,Animals & Nature
danger,0.2172897196363219,0.8542024014233176,0.1553398057432369,One Minute Animals,Animals & Nature
ocean,0.8568925234045276,0.3087478559547381,0.4660194175209728,One Minute Animals,Animals & Nature
cattle,0.5940420561025253,0.5248713551230548,0.4368932039259119,One Minute Animals,Animals & Nature
dog,0.8130841121875272,0.4364847139460616,0.5242718447110942,One Minute Animals,Animals & Nature
ultimate,0.7009345794720062,0.7615780446368962,0.4951456311160334,One Minute Animals,Animals & Nature
dog,0.8130841121875272,0.4364847139460616,0.5242718447110942,One Minute Animals,Animals & Nature
minute,0.6261682243750546,0.3814322469926248,0.4599514563067914,One Minute Animals,Animals & Nature
danger,0.2172897196363219,0.8542024014233176,0.1553398057432369,One Minute Animals,Animals & Nature
ocean,0.8568925234045276,0.3087478559547381,0.4660194175209728,One Minute Animals,Animals & Nature
italian,0.682242990732815,0.487564322477066,0.5964805825336388,One Minute Animals,Animals & Nature
lap,0.5794392523167962,0.4393224699841382,0.5145631067975304,One Minute Animals,Animals & Nature
dog,0.8130841121875272,0.4364847139460616,0.5242718447110942,One Minute Animals,Animals & Nature
lazy,0.3691588784751944,0.3704974271456858,0.4368932039259119,One Minute Animals,Animals & Nature
owner,0.5765186916157251,0.4322469983366334,0.6504854368592704,One Minute Animals,Animals & Nature
minute,0.6261682243750546,0.3814322469926248,0.4599514563067914,One Minute Animals,Animals & Nature
rare,0.682242990732815,0.6586620926005254,0.5922330096691487,One Minute Animals,Animals & Nature
dog,0.8130841121875272,0.4364847139460616,0.5242718447110942,One Minute Animals,Animals & Nature
breed,0.5233644859590357,0.6072041166595271,0.6146844660305518,One Minute Animals,Animals & Nature
toe,0.4766355140409642,0.2984562607047889,0.563106796074088,One Minute Animals,Animals & Nature
bear,0.7102803739116953,0.6708833619501918,0.4466019416938448,One Minute Animals,Animals & Nature
beast,0.4953271027801554,0.7101200686958977,0.427184466012348,One Minute Animals,Animals & Nature
minute,0.6261682243750546,0.3814322469926248,0.4599514563067914,One Minute Animals,Animals & Nature
rare,0.682242990732815,0.6586620926005254,0.5922330096691487,One Minute Animals,Animals & Nature
dog,0.8130841121875272,0.4364847139460616,0.5242718447110942,One Minute Animals,Animals & Nature
breed,0.5233644859590357,0.6072041166595271,0.6146844660305518,One Minute Animals,Animals & Nature
toe,0.4766355140409642,0.2984562607047889,0.563106796074088,One Minute Animals,Animals & Nature
phone,0.6355140186745567,0.5999394611526514,0.5242718447110942,Mr. Who's Boss,Science & Tech
thing,0.570093458017294,0.5248713551230548,0.6019417475827127,Mr. Who's Boss,Science & Tech
tell,0.5409565695112596,0.5261578044714083,0.5488292404901775,Mr. Who's Boss,Science & Tech
turn,0.5940420561025253,0.4734133790276825,0.6213592232642096,Mr. Who's Boss,Science & Tech
object,0.4766355140409642,0.3807890222412611,0.6310679611777735,Mr. Who's Boss,Science & Tech
speaker,0.551401869137916,0.4734133790276825,0.6504854368592704,Mr. Who's Boss,Science & Tech
phone,0.6355140186745567,0.5999394611526514,0.5242718447110942,Mr. Who's Boss,Science & Tech
super,0.7850467290086469,0.709476843944534,0.7330097087604863,Mr. Who's Boss,Science & Tech
gadget,0.7383177570905756,0.4837049742776318,0.6699029126863982,Mr. Who's Boss,Science & Tech
world,0.694464414144601,0.5969125214095777,0.4757281552889056,Mr. Who's Boss,Science & Tech
expensive,0.2616822430496113,0.8130360205778945,0.5054611650490739,Mr. Who's Boss,Science & Tech
laptop,0.6466121495629258,0.3807890222412611,0.7281553398765199,Mr. Who's Boss,Science & Tech
time,0.5327102803987247,0.4939965695275811,0.3962378640675959,Mr. Who's Boss,Science & Tech
worry,0.1495327103340903,0.7512864493869469,0.281553398037044,Mr. Who's Boss,Science & Tech
cheap,0.6355140186745567,0.4219554030866842,0.5339805824790272,Steve Mould,Science & Tech
trick,0.5064252336685245,0.5145797598731056,0.2718446601234801,Steve Mould,Science & Tech
water,0.7476635513900777,0.4013722127411596,0.572815533987652,Steve Mould,Science & Tech
solve,0.7476635513900777,0.6174957119094763,0.6310679611777735,Steve Mould,Science & Tech
water,0.7476635513900777,0.4013722127411596,0.572815533987652,Steve Mould,Science & Tech
solve,0.7476635513900777,0.6174957119094763,0.6310679611777735,Steve Mould,Science & Tech
camera,0.7342289719969265,0.6483704975049501,0.5436893203925912,Steve Mould,Science & Tech
see,0.682242990732815,0.4219554030866842,0.6116504854962768,Steve Mould,Science & Tech
sound,0.7476635513900777,0.5743996569643361,0.5145631067975304,Steve Mould,Science & Tech
hand,0.6542056075539348,0.3499142366457873,0.6310679611777735,Steve Mould,Science & Tech
weird,0.6074766354956764,0.6174957119094763,0.4368932039259119,Steve Mould,Science & Tech
dog,0.8130841121875272,0.4364847139460616,0.5242718447110942,Steve Mould,Science & Tech
like,0.7517523364837266,0.5145797598731056,0.6601941747728344,Steve Mould,Science & Tech
touch,0.7009345794720062,0.7101200686958977,0.6796116504543313,Steve Mould,Science & Tech
lens,0.5151869159119246,0.3704974271456858,0.6116504854962768,Steve Mould,Science & Tech
weird,0.6074766354956764,0.6174957119094763,0.4368932039259119,Steve Mould,Science & Tech
football,0.4112149532435147,0.6174957119094763,0.5436893203925912,F2Freestyle,Sport
challenge,0.6915887850323172,0.7770154374346331,0.6783980582697473,F2Freestyle,Sport
crazy,0.3750000000175233,0.6544243769910972,0.4466019416938448,F2Freestyle,Sport
penalty,0.3177570094073718,0.7409948542913716,0.3786407767357903,F2Freestyle,Sport
short,0.5327102803987247,0.4837049742776318,0.4757281552889056,F2Freestyle,Sport
mount,0.5981308411961743,0.5660377358141041,0.6019417475827127,F2Freestyle,Sport
battle,0.3837616822609234,0.9365351629597898,0.4563106796074087,F2Freestyle,Sport
premier,0.6168224299353654,0.399656946891897,0.6825989544837474,F2Freestyle,Sport
league,0.6115654205893254,0.4322469983366334,0.563106796074088,F2Freestyle,Sport
session,0.5327102803987247,0.5248713551230548,0.572815533987652,F2Freestyle,Sport
one,0.5981308411961743,0.4631217839321072,0.7087378640493919,F2Freestyle,Sport
one,0.5981308411961743,0.4631217839321072,0.7087378640493919,F2Freestyle,Sport
football,0.4112149532435147,0.6174957119094763,0.5436893203925912,F2Freestyle,Sport
challenge,0.6915887850323172,0.7770154374346331,0.6783980582697473,F2Freestyle,Sport
female,0.6904205607799261,0.5545353646978001,0.6601941747728344,F2Freestyle,Sport
world,0.694464414144601,0.5969125214095777,0.4757281552889056,F2Freestyle,Sport
champion,0.8598130841055986,0.7512864493869469,0.8349514563431991,F2Freestyle,Sport
challenge,0.6915887850323172,0.7770154374346331,0.6783980582697473,F2Freestyle,Sport
dark,0.4859813084806534,0.4425385934322087,0.3495145631407296,F2Freestyle,Sport
public,0.4363317757213239,0.5969125214095777,0.417475728098784,F2Freestyle,Sport
funny,0.7663551402694558,0.6998284734459485,0.8349514563431991,F2Freestyle,Sport
football,0.4112149532435147,0.6174957119094763,0.5436893203925912,F2Freestyle,Sport
manager,0.5420560748384138,0.6397941681042634,0.6990291262814591,F2Freestyle,Sport
stereotype,0.2710280373491135,0.7307032590414223,0.2524271844419833,F2Freestyle,Sport
part,0.4953271027801554,0.2984562607047889,0.5048543688839664,F2Freestyle,Sport
leadership,0.6074766354956764,0.736151750671579,0.8155339806617022,F2Freestyle,Sport
series,0.6355140186745567,0.3499142366457873,0.5339805824790272,F2Freestyle,Sport
woman,0.775700934568958,0.6586620926005254,0.7378640776444527,F2Freestyle,Sport
technology,0.7383177570905756,0.7307032590414223,0.7087378640493919,F2Freestyle,Sport
education,0.7429906542403266,0.4219554030866842,0.7669902912395136,F2Freestyle,Sport
programme,0.567757009372325,0.5000504490137281,0.3962378640675959,F2Freestyle,Sport
thrive,0.8130841121875272,0.6072041166595271,0.6692961165212908,F2Freestyle,Sport
woman,0.775700934568958,0.6586620926005254,0.7378640776444527,F2Freestyle,Sport
world,0.694464414144601,0.5969125214095777,0.4757281552889056,F2Freestyle,Sport
cup,0.6728971962931259,0.2469982847637905,0.6601941747728344,F2Freestyle,Sport
elite,0.5327102803987247,0.6805317324487774,0.6796116504543313,F2Freestyle,Sport
performance,0.6542056075539348,0.6998284734459485,0.5825242719012159,F2Freestyle,Sport
lesson,0.5233644859590357,0.5042881646231564,0.4963592233006173,F2Freestyle,Sport
brother,0.7196261682111974,0.3293310463002628,0.6504854368592704,F2Freestyle,Sport
arm,0.4953271027801554,0.2881646654548397,0.6213592232642096,F2Freestyle,Sport
ultimate,0.7009345794720062,0.7615780446368962,0.4951456311160334,F2Freestyle,Sport
experience,0.8043224299441272,0.5866209263140025,0.6990291262814591,F2Freestyle,Sport
ambassador,0.570093458017294,0.4939965695275811,0.6601941747728344,F2Freestyle,Sport
team,0.6728971962931259,0.5042881646231564,0.7669902912395136,F2Freestyle,Sport
clinic,0.4018691589440125,0.5454545454685794,0.4368932039259119,F2Freestyle,Sport
pat,0.5887850467564852,0.2469982847637905,0.6116504854962768,F2Freestyle,Sport
ambassador,0.570093458017294,0.4939965695275811,0.6601941747728344,F2Freestyle,Sport
lesson,0.5233644859590357,0.5042881646231564,0.4963592233006173,F2Freestyle,Sport
visit,0.7009345794720062,0.5999394611526514,0.6116504854962768,Bald & Bankrupt,Travel
country,0.7254672897535265,0.5454545454685794,0.4951456311160334,Bald & Bankrupt,Travel
anymore,0.4713785046949242,0.4322469983366334,0.5048543688839664,Bald & Bankrupt,Travel
find,0.7383177570905756,0.452830188682158,0.6601941747728344,Bald & Bankrupt,Travel
street,0.5327102803987247,0.5145797598731056,0.6019417475827127,Bald & Bankrupt,Travel
mysterious,0.7850467290086469,0.7512864493869469,0.572815533987652,Bald & Bankrupt,Travel
chinese,0.6261682243750546,0.4939965695275811,0.5533980583061551,Bald & Bankrupt,Travel
village,0.7102803739116953,0.2984562607047889,0.6213592232642096,Bald & Bankrupt,Travel
village,0.7102803739116953,0.2984562607047889,0.6213592232642096,Bald & Bankrupt,Travel
south,0.560747663577605,0.4219554030866842,0.5922330096691487,Bald & Bankrupt,Travel
troubled,0.2149532709913529,0.8336192110777929,0.3106796116321048,Bald & Bankrupt,Travel
nation,0.6915887850323172,0.4734133790276825,0.6310679611777735,Bald & Bankrupt,Travel
tourist,0.5852803738591252,0.3704974271456858,0.7378640776444527,Bald & Bankrupt,Travel
cross,0.336448598146563,0.4322469983366334,0.7087378640493919,Bald & Bankrupt,Travel
border,0.4363317757213239,0.5351629502186303,0.3786407767357903,Bald & Bankrupt,Travel
find,0.7383177570905756,0.452830188682158,0.6601941747728344,Bald & Bankrupt,Travel
nation,0.6915887850323172,0.4734133790276825,0.6310679611777735,Bald & Bankrupt,Travel
would,0.6290887850761255,0.452830188682158,0.5533980583061551,Bald & Bankrupt,Travel
submit,0.5046728972198444,0.5025728987738938,0.3592233009086624,Bald & Bankrupt,Travel
world,0.694464414144601,0.5969125214095777,0.4757281552889056,Bald & Bankrupt,Travel
dangerous,0.2172897196363219,0.8233276158278438,0.3883495145037233,Bald & Bankrupt,Travel
country,0.7254672897535265,0.5454545454685794,0.4951456311160334,Bald & Bankrupt,Travel
east,0.6074766354956764,0.3190394510503134,0.5145631067975304,Dale Philip,Travel
big,0.6553738318063258,0.7512864493869469,0.7087378640493919,Dale Philip,Travel
city,0.6355140186745567,0.4972126929756516,0.5509708737913563,Dale Philip,Travel
driver,0.5420560748384138,0.4734133790276825,0.718446601962956,Dale Philip,Travel
cancel,0.3925233645043235,0.3717838764940392,0.4690533980552479,Dale Philip,Travel
ride,0.8481308411611276,0.5866209263140025,0.6328883495274649,Dale Philip,Travel
entertainment,0.8317757009267185,0.8644939966732668,0.7475728155580167,Dale Philip,Travel
business,0.6074766354956764,0.7117033909945442,0.5033607169420738,Dale Philip,Travel
class,0.5233644859590357,0.433962264185896,0.3801344286776829,Dale Philip,Travel
airline,0.5887850467564852,0.6380789022550009,0.4781553398037043,Dale Philip,Travel
gift,0.9345794393427372,0.7512864493869469,0.5533980583061551,Dale Philip,Travel
village,0.7102803739116953,0.2984562607047889,0.6213592232642096,Dale Philip,Travel
kid,0.7289719626508865,0.4219554030866842,0.563106796074088,Dale Philip,Travel
rural,0.6168224299353654,0.2572898798593659,0.417475728098784,Dale Philip,Travel
traditional,0.560747663577605,0.2984562607047889,0.5327669902944433,Dale Philip,Travel
breakfast,0.8504672898060965,0.5660377358141041,0.7766990291530775,Dale Philip,Travel
rural,0.6168224299353654,0.2572898798593659,0.417475728098784,Dale Philip,Travel
breakfast,0.8504672898060965,0.5660377358141041,0.7766990291530775,Dale Philip,Travel
hunt,0.3925233645043235,0.7866638079332187,0.5533980583061551,Dale Philip,Travel
rural,0.6168224299353654,0.2572898798593659,0.417475728098784,Dale Philip,Travel
night,0.775700934568958,0.3499142366457873,0.6504854368592704,Dale Philip,Travel
market,0.6168224299353654,0.2881646654548397,0.4690533980552479,Dale Philip,Travel
powerful,0.7383177570905756,0.9262435678642145,0.8446601942567631,Carwow,Automotive
rate,0.5981308411961743,0.4631217839321072,0.5436893203925912,Carwow,Automotive
door,0.5327102803987247,0.3293310463002628,0.6407766990913374,Carwow,Automotive
handle,0.682242990732815,0.4425385934322087,0.6419902912759213,Carwow,Automotive
new,0.7692757009705269,0.4939965695275811,0.5825242719012159,Carwow,Automotive
ranger,0.6816588785365261,0.6174957119094763,0.6990291262814591,Carwow,Automotive
drag,0.4766355140409642,0.5763293310640533,0.5327669902944433,Carwow,Automotive
race,0.6261682243750546,0.6708833619501918,0.6419902912759213,Carwow,Automotive
mud,0.3457943925862521,0.5763293310640533,0.4757281552889056,Carwow,Automotive
generation,0.6074766354956764,0.5763293310640533,0.5242718447110942,Carwow,Automotive
drag,0.4766355140409642,0.5763293310640533,0.5327669902944433,Carwow,Automotive
race,0.6261682243750546,0.6708833619501918,0.6419902912759213,Carwow,Automotive
land,0.6355140186745567,0.3293310463002628,0.6213592232642096,Carwow,Automotive
discovery,0.8037383177478382,0.7512864493869469,0.7378640776444527,Carwow,Automotive
race,0.6261682243750546,0.6708833619501918,0.6419902912759213,Carwow,Automotive
civic,0.551401869137916,0.2778730703592643,0.6213592232642096,Carwow,Automotive
type,0.5327102803987247,0.3621355059954536,0.5825242719012159,Carwow,Automotive
drag,0.4766355140409642,0.5763293310640533,0.5327669902944433,Carwow,Automotive
race,0.6261682243750546,0.6708833619501918,0.6419902912759213,Carwow,Automotive
car,0.5327102803987247,0.4837049742776318,0.572815533987652,Carwow,Automotive
boot,0.5887850467564852,0.2881646654548397,0.563106796074088,Carwow,Automotive
world,0.694464414144601,0.5969125214095777,0.4757281552889056,Carwow,Automotive
new,0.7692757009705269,0.4939965695275811,0.5825242719012159,Carwow,Automotive
make,0.6728971962931259,0.4734133790276825,0.7603155340058558,Car Throttle,Automotive
ugly,0.2429906541702332,0.5660377358141041,0.2330097087604864,Car Throttle,Automotive
car,0.5327102803987247,0.4837049742776318,0.572815533987652,Car Throttle,Automotive
cool,0.6542056075539348,0.3825042880905237,0.6601941747728344,Car Throttle,Automotive
budget,0.4713785046949242,0.6380789022550009,0.6213592232642096,Car Throttle,Automotive
year,0.4672897196012751,0.3704974271456858,0.4690533980552479,Car Throttle,Automotive
old,0.2990654205279937,0.4219554030866842,0.145631067975304,Car Throttle,Automotive
land,0.6355140186745567,0.3293310463002628,0.6213592232642096,Car Throttle,Automotive
challenge,0.6915887850323172,0.7770154374346331,0.6783980582697473,Car Throttle,Automotive
swap,0.551401869137916,0.4837049742776318,0.427184466012348,Car Throttle,Automotive
mile,0.5420560748384138,0.2984562607047889,0.563106796074088,Car Throttle,Automotive
race,0.6261682243750546,0.6708833619501918,0.6419902912759213,Car Throttle,Automotive
movie,0.7289719626508865,0.6998284734459485,0.8446601942567631,Car Throttle,Automotive
camera,0.7342289719969265,0.6483704975049501,0.5436893203925912,Car Throttle,Automotive
car,0.5327102803987247,0.4837049742776318,0.572815533987652,Car Throttle,Automotive
way,0.6542056075539348,0.2469982847637905,0.7281553398765199,Car Throttle,Automotive
fill,0.6028037383459254,0.4219554030866842,0.6796116504543313,Car Throttle,Automotive
car,0.5327102803987247,0.4837049742776318,0.572815533987652,Car Throttle,Automotive
car,0.5327102803987247,0.4837049742776318,0.572815533987652,Car Throttle,Automotive
challenge,0.6915887850323172,0.7770154374346331,0.6783980582697473,Car Throttle,Automotive
mile,0.5420560748384138,0.2984562607047889,0.563106796074088,Car Throttle,Automotive
engine,0.5887850467564852,0.5763293310640533,0.6213592232642096,Car Throttle,Automotive
challenge,0.6915887850323172,0.7770154374346331,0.6783980582697473,Car Throttle,Automotive
brake,0.4299065421228928,0.6174957119094763,0.5048543688839664,Car Throttle,Automotive
make,0.6728971962931259,0.4734133790276825,0.7603155340058558,Car Throttle,Automotive
review,0.6168224299353654,0.5557461407185287,0.5436893203925912,Mr. Nigel Ng,Comedy
weird,0.6074766354956764,0.6174957119094763,0.4368932039259119,Mr. Nigel Ng,Comedy
man,0.6168224299353654,0.5866209263140025,0.6601941747728344,Mr. Nigel Ng,Comedy
love,0.9719626168211196,0.7577186964374619,0.6844660194839287,Mr. Nigel Ng,Comedy
balloon,0.7663551402694558,0.7169811320929479,0.5339805824790272,Mr. Nigel Ng,Comedy
recreate,0.6074766354956764,0.555102915967165,0.6116504854962768,Mr. Nigel Ng,Comedy
rice,0.5794392523167962,0.2270583190152557,0.6237864077790083,Mr. Nigel Ng,Comedy
chef,0.7118380062949456,0.4939965695275811,0.5825242719012159,Mr. Nigel Ng,Comedy
strike,0.3738317757651323,0.6380789022550009,0.5825242719012159,Mr. Nigel Ng,Comedy
salt,0.5794392523167962,0.5351629502186303,0.5145631067975304,Mr. Nigel Ng,Comedy
review,0.6168224299353654,0.5557461407185287,0.5436893203925912,Mr. Nigel Ng,Comedy
insane,0.2990654205279937,0.5660377358141041,0.2135922329333585,Mr. Nigel Ng,Comedy
food,0.8878504672844789,0.6453435577618766,0.8058252427481383,Mr. Nigel Ng,Comedy
war,0.1559579439325214,0.8927958834176598,0.1941747572518616,Mr. Nigel Ng,Comedy
make,0.6728971962931259,0.4734133790276825,0.7603155340058558,Mr. Nigel Ng,Comedy
butter,0.7663551402694558,0.339622641550212,0.5922330096691487,Mr. Nigel Ng,Comedy
chicken,0.6728971962931259,0.5248713551230548,0.4660194175209728,Mr. Nigel Ng,Comedy
special,0.795560747700727,0.6483704975049501,0.7694174757543123,Mr. Nigel Ng,Comedy
review,0.6168224299353654,0.5557461407185287,0.5436893203925912,Mr. Nigel Ng,Comedy
salad,0.6290887850761255,0.3428387649982825,0.6407766990913374,Mr. Nigel Ng,Comedy
learn,0.775700934568958,0.3739279588442109,0.6041822254955516,Mr. Nigel Ng,Comedy
make,0.6728971962931259,0.4734133790276825,0.7603155340058558,Mr. Nigel Ng,Comedy
roll,0.6074766354956764,0.4939965695275811,0.563106796074088,Mr. Nigel Ng,Comedy
moment,0.663551401853437,0.5351629502186303,0.6893203883678951,Mr. Nigel Ng,Comedy
balloon,0.7663551402694558,0.7169811320929479,0.5339805824790272,WillNE,Comedy
take,0.5327102803987247,0.5248713551230548,0.6407766990913374,WillNE,Comedy
make,0.6728971962931259,0.4734133790276825,0.7603155340058558,WillNE,Comedy
dog,0.8130841121875272,0.4364847139460616,0.5242718447110942,WillNE,Comedy
fly,0.6915887850323172,0.6895368781959993,0.572815533987652,WillNE,Comedy
video,0.6915887850323172,0.6380789022550009,0.6796116504543313,WillNE,Comedy
end,0.4205607476832037,0.6998284734459485,0.6796116504543313,WillNE,Comedy
get,0.6261682243750546,0.5068610634742372,0.8058252427481383,WillNE,Comedy
live,0.6261682243750546,0.6419382504544351,0.8058252427481383,WillNE,Comedy
tv,0.7663551402694558,0.4219554030866842,0.4466019416938448,WillNE,Comedy
give,0.7383177570905756,0.5969125214095777,0.7876213592512253,WillNE,Comedy
talk,0.6542056075539348,0.4682675814798949,0.7087378640493919,WillNE,Comedy
mortgage,0.3084112149676828,0.5866209263140025,0.3203883495456688,WillNE,Comedy
world,0.694464414144601,0.5969125214095777,0.4757281552889056,WillNE,Comedy
currency,0.6115654205893254,0.6380789022550009,0.5242718447110942,WillNE,Comedy
charity,0.663551401853437,0.3807890222412611,0.7475728155580167,WillNE,Comedy
match,0.7196261682111974,0.5042881646231564,0.7148058252635733,WillNE,Comedy
sibling,0.6448598131142457,0.5248713551230548,0.6796116504543313,WillNE,Comedy
free,1.0,0.6174957119094763,0.8737864078518238,WillNE,Comedy
machine,0.5940420561025253,0.4322469983366334,0.5825242719012159,WillNE,Comedy
hour,0.5414719626421248,0.345676521036359,0.5825242719012159,WillNE,Comedy
world,0.694464414144601,0.5969125214095777,0.4757281552889056,WillNE,Comedy
car,0.5327102803987247,0.4837049742776318,0.572815533987652,WillNE,Comedy
sticky,0.4392523364223949,0.5763293310640533,0.3980582524172872,Jungle Beat,Education
situation,0.4953271027801554,0.452830188682158,0.5825242719012159,Jungle Beat,Education
hot,0.570093458017294,0.7924528302323699,0.5054611650490739,Jungle Beat,Education
stuff,0.6168224299353654,0.5261578044714083,0.5339805824790272,Jungle Beat,Education
go,0.7476635513900777,0.5969125214095777,0.8446601942567631,Jungle Beat,Education
kid,0.7289719626508865,0.4219554030866842,0.563106796074088,Jungle Beat,Education
cartoon,0.7780373832139269,0.5248713551230548,0.7669902912395136,Jungle Beat,Education
short,0.5327102803987247,0.4837049742776318,0.4757281552889056,Jungle Beat,Education
mode,0.5079714129209332,0.4219554030866842,0.572815533987652,Jungle Beat,Education
camera,0.7342289719969265,0.6483704975049501,0.5436893203925912,Jungle Beat,Education
trap,0.2429906541702332,0.7307032590414223,0.2135922329333585,Jungle Beat,Education
good,0.7570093458297666,0.2270583190152557,0.8349514563431991,Jungle Beat,Education
morning,0.6168224299353654,0.3910806174912104,0.6990291262814591,Jungle Beat,Education
jungle,0.6553738318063258,0.5351629502186303,0.563106796074088,Jungle Beat,Education
beat,0.551401869137916,0.6380789022550009,0.427184466012348,Jungle Beat,Education
movie,0.7289719626508865,0.6998284734459485,0.8446601942567631,Jungle Beat,Education
movie,0.7289719626508865,0.6998284734459485,0.8446601942567631,Jungle Beat,Education
clip,0.5414719626421248,0.3814322469926248,0.5048543688839664,Jungle Beat,Education
kid,0.7289719626508865,0.4219554030866842,0.563106796074088,Jungle Beat,Education
cartoon,0.7780373832139269,0.5248713551230548,0.7669902912395136,Jungle Beat,Education
new,0.7692757009705269,0.4939965695275811,0.5825242719012159,Jungle Beat,Education
home,0.9158878504633592,0.1112778730322289,0.8737864078518238,Jungle Beat,Education
rainbow,0.8224299066272163,0.4779159519784805,0.6116504854962768,Jungle Beat,Education
red,0.6542056075539348,0.7512864493869469,0.5533980583061551,Jungle Beat,Education
kid,0.7289719626508865,0.4219554030866842,0.563106796074088,Jungle Beat,Education
cartoon,0.7780373832139269,0.5248713551230548,0.7669902912395136,Jungle Beat,Education
short,0.5327102803987247,0.4837049742776318,0.4757281552889056,Jungle Beat,Education
middle,0.5420560748384138,0.3910806174912104,0.572815533987652,Jungle Beat,Education
hero,0.7692757009705269,0.6586620926005254,0.6699029126863982,Jungle Beat,Education
kid,0.7289719626508865,0.4219554030866842,0.563106796074088,Jungle Beat,Education
cartoon,0.7780373832139269,0.5248713551230548,0.7669902912395136,Jungle Beat,Education
short,0.5327102803987247,0.4837049742776318,0.4757281552889056,Jungle Beat,Education
weather,0.6115654205893254,0.4779159519784805,0.2524271844419833,Moonbug Kid,Education
sorry,0.5327102803987247,0.5660377358141041,0.5145631067975304,Moonbug Kid,Education
excuse,0.3925233645043235,0.5248713551230548,0.5145631067975304,Moonbug Kid,Education
friend,0.9252336449030482,0.4631217839321072,0.718446601962956,Moonbug Kid,Education
visit,0.7009345794720062,0.5999394611526514,0.6116504854962768,Moonbug Kid,Education
orange,0.6261682243750546,0.4183230753332463,0.5339805824790272,Moonbug Kid,Education
farm,0.7383177570905756,0.2161234991683167,0.6699029126863982,Moonbug Kid,Education
sink,0.4299065421228928,0.5042881646231564,0.3689320388222264,Moonbug Kid,Education
float,0.7102803739116953,0.1955403086684182,0.5533980583061551,Moonbug Kid,Education
fruit,0.8411214953664075,0.1749571183228937,0.6504854368592704,Moonbug Kid,Education
learn,0.775700934568958,0.3739279588442109,0.6041822254955516,Moonbug Kid,Education
ride,0.8481308411611276,0.5866209263140025,0.6328883495274649,Moonbug Kid,Education
bike,0.6904205607799261,0.4586192109813093,0.7694174757543123,Moonbug Kid,Education
big,0.6553738318063258,0.7512864493869469,0.7087378640493919,Moonbug Kid,Education
red,0.6542056075539348,0.7512864493869469,0.5533980583061551,Moonbug Kid,Education
truck,0.6261682243750546,0.4586192109813093,0.5048543688839664,Moonbug Kid,Education
vegetable,0.7196261682111974,0.3190394510503134,0.6310679611777735,Moonbug Kid,Education
ten,0.7254672897535265,0.6816668348331332,0.7057038835151168,Moonbug Kid,Education
little,0.551401869137916,0.4013722127411596,0.3009708737185408,Moonbug Kid,Education
star,0.8598130841055986,0.3428387649982825,0.6783980582697473,Moonbug Kid,Education
wish,0.8306074766743273,0.6072041166595271,0.6504854368592704,Moonbug Kid,Education
race,0.6261682243750546,0.6708833619501918,0.6419902912759213,Moonbug Kid,Education
illusion,0.5765186916157251,0.5358061749699938,0.3009708737185408,Dan Rhoades,Entertainment
red,0.6542056075539348,0.7512864493869469,0.5533980583061551,Dan Rhoades,Entertainment
carpet,0.453855140208124,0.2675814751093151,0.4951456311160334,Dan Rhoades,Entertainment
magic,0.8919392523781279,0.817879124197687,0.4053398058160524,Dan Rhoades,Entertainment
magic,0.8919392523781279,0.817879124197687,0.4053398058160524,Dan Rhoades,Entertainment
special,0.795560747700727,0.6483704975049501,0.7694174757543123,Dan Rhoades,Entertainment
effect,0.5414719626421248,0.5248713551230548,0.7281553398765199,Dan Rhoades,Entertainment
magic,0.8919392523781279,0.817879124197687,0.4053398058160524,Dan Rhoades,Entertainment
battle,0.3837616822609234,0.9365351629597898,0.4563106796074087,Dan Rhoades,Entertainment
magic,0.8919392523781279,0.817879124197687,0.4053398058160524,Dan Rhoades,Entertainment
magic,0.8919392523781279,0.817879124197687,0.4053398058160524,Dan Rhoades,Entertainment
trick,0.5064252336685245,0.5145797598731056,0.2718446601234801,Dan Rhoades,Entertainment
come,0.6641355140497259,0.4939965695275811,0.5600728155398128,Britain's Got Talent,Entertainment
play,0.8411214953664075,0.7821612349824207,0.8349514563431991,Britain's Got Talent,Entertainment
call,0.551401869137916,0.6483704975049501,0.4660194175209728,Britain's Got Talent,Entertainment
short,0.5327102803987247,0.4837049742776318,0.4757281552889056,Britain's Got Talent,Entertainment
golden,0.7167056075101264,0.6226415094572639,0.6504854368592704,Britain's Got Talent,Entertainment
wow,0.7553600879792224,0.8644939966732668,0.6213592232642096,Britain's Got Talent,Entertainment
kid,0.7289719626508865,0.4219554030866842,0.563106796074088,Britain's Got Talent,Entertainment
mad,0.3177570094073718,0.6689536878504747,0.2330097087604864,Britain's Got Talent,Entertainment
skill,0.8317757009267185,0.5763293310640533,0.7572815534715807,Britain's Got Talent,Entertainment
short,0.5327102803987247,0.4837049742776318,0.4757281552889056,Britain's Got Talent,Entertainment
leaf,0.6168224299353654,0.2572898798593659,0.6310679611777735,Britain's Got Talent,Entertainment
unexpected,0.4766355140409642,0.8644939966732668,0.3106796116321048,Britain's Got Talent,Entertainment
surprise,0.7663551402694558,0.8130360205778945,0.4781553398037043,Britain's Got Talent,Entertainment
pull,0.4859813084806534,0.6033447684600929,0.5418689320428999,Britain's Got Talent,Entertainment
heart,0.7306212205014307,0.5866209263140025,0.718446601962956,Britain's Got Talent,Entertainment
string,0.5420560748384138,0.3704974271456858,0.5436893203925912,Britain's Got Talent,Entertainment
short,0.5327102803987247,0.4837049742776318,0.4757281552889056,Britain's Got Talent,Entertainment
show,0.786799065457327,0.5454545454685794,0.6504854368592704,Britain's Got Talent,Entertainment
comedy,0.9252336449030482,0.6792452831004239,0.6990291262814591,Britain's Got Talent,Entertainment
limit,0.4112149532435147,0.5351629502186303,0.291262135950608,Britain's Got Talent,Entertainment
forget,0.3925233645043235,0.5145797598731056,0.2427184465284193,Britain's Got Talent,Entertainment
name,0.570093458017294,0.4837049742776318,0.6116504854962768,Britain's Got Talent,Entertainment
voice,0.682242990732815,0.5145797598731056,0.7572815534715807,Britain's Got Talent,Entertainment
short,0.5327102803987247,0.4837049742776318,0.4757281552889056,Britain's Got Talent,Entertainment
ultimate,0.7009345794720062,0.7615780446368962,0.4951456311160334,DaveHax,Lifestyle/How-To
chocolate,0.8568925234045276,0.690180102947363,0.6601941747728344,DaveHax,Lifestyle/How-To
surprise,0.7663551402694558,0.8130360205778945,0.4781553398037043,DaveHax,Lifestyle/How-To
cheap,0.6355140186745567,0.4219554030866842,0.5339805824790272,DaveHax,Lifestyle/How-To
phone,0.6355140186745567,0.5999394611526514,0.5242718447110942,DaveHax,Lifestyle/How-To
gadget,0.7383177570905756,0.4837049742776318,0.6699029126863982,DaveHax,Lifestyle/How-To
actually,0.6261682243750546,0.4425385934322087,0.7087378640493919,DaveHax,Lifestyle/How-To
work,0.560747663577605,0.4818888104009129,0.3786407767357903,DaveHax,Lifestyle/How-To
kitchen,0.6728971962931259,0.5042881646231564,0.6990291262814591,DaveHax,Lifestyle/How-To
gadget,0.7383177570905756,0.4837049742776318,0.6699029126863982,DaveHax,Lifestyle/How-To
good,0.7570093458297666,0.2270583190152557,0.8349514563431991,DaveHax,Lifestyle/How-To
wait,0.4392523364223949,0.5454545454685794,0.3592233009086624,DaveHax,Lifestyle/How-To
egg,0.5574491478765162,0.3602058318957365,0.5242718447110942,DaveHax,Lifestyle/How-To
genius,0.795560747700727,0.5454545454685794,0.718446601962956,DaveHax,Lifestyle/How-To
hot,0.570093458017294,0.7924528302323699,0.5054611650490739,DaveHax,Lifestyle/How-To
dog,0.8130841121875272,0.4364847139460616,0.5242718447110942,DaveHax,Lifestyle/How-To
gadget,0.7383177570905756,0.4837049742776318,0.6699029126863982,DaveHax,Lifestyle/How-To
make,0.6728971962931259,0.4734133790276825,0.7603155340058558,DaveHax,Lifestyle/How-To
easy,0.7476635513900777,0.2984562607047889,0.7864077670666414,DaveHax,Lifestyle/How-To
simple,0.682242990732815,0.2058319039183674,0.8252427184296351,DaveHax,Lifestyle/How-To
trick,0.5064252336685245,0.5145797598731056,0.2718446601234801,DaveHax,Lifestyle/How-To
amaze,0.7476635513900777,0.7409948542913716,0.6116504854962768,DaveHax,Lifestyle/How-To
friend,0.9252336449030482,0.4631217839321072,0.718446601962956,DaveHax,Lifestyle/How-To
ring,0.6466121495629258,0.7204116637914731,0.6310679611777735,DaveHax,Lifestyle/How-To
finger,0.5420560748384138,0.5647512864657506,0.4660194175209728,DaveHax,Lifestyle/How-To
try,0.7079439252667263,0.5866209263140025,0.8155339806617022,DaveHax,Lifestyle/How-To
perfect,0.7850467290086469,0.4734133790276825,0.86407766993826,Tool Tips,Lifestyle/How-To
tool,0.6168224299353654,0.5042881646231564,0.7766990291530775,Tool Tips,Lifestyle/How-To
tool,0.6168224299353654,0.5042881646231564,0.7766990291530775,Tool Tips,Lifestyle/How-To
wheel,0.6542056075539348,0.4322469983366334,0.5825242719012159,Tool Tips,Lifestyle/How-To
staple,0.5420560748384138,0.3704974271456858,0.4951456311160334,Tool Tips,Lifestyle/How-To
pin,0.4859813084806534,0.3704974271456858,0.4563106796074087,Tool Tips,Lifestyle/How-To
smooth,0.7476635513900777,0.3190394510503134,0.7087378640493919,Tool Tips,Lifestyle/How-To
wood,0.6915887850323172,0.4013722127411596,0.6310679611777735,Tool Tips,Lifestyle/How-To
joint,0.5171339564260343,0.3235420240011114,0.6055825242820954,Tool Tips,Lifestyle/How-To
staple,0.5420560748384138,0.3704974271456858,0.4951456311160334,Tool Tips,Lifestyle/How-To
pin,0.4859813084806534,0.3704974271456858,0.4563106796074087,Tool Tips,Lifestyle/How-To
bored,0.2616822430496113,0.2367066895138413,0.4757281552889056,Tool Tips,Lifestyle/How-To
work,0.560747663577605,0.4818888104009129,0.3786407767357903,Tool Tips,Lifestyle/How-To
perfect,0.7850467290086469,0.4734133790276825,0.86407766993826,Tool Tips,Lifestyle/How-To
craft,0.6074766354956764,0.3910806174912104,0.7669902912395136,Tool Tips,Lifestyle/How-To
trick,0.5064252336685245,0.5145797598731056,0.2718446601234801,Tool Tips,Lifestyle/How-To
perfect,0.7850467290086469,0.4734133790276825,0.86407766993826,Tool Tips,Lifestyle/How-To
tip,0.6728971962931259,0.6174957119094763,0.4466019416938448,Tool Tips,Lifestyle/How-To
reaction,0.5887850467564852,0.6586620926005254,0.5236650485459868,No Copyright Sounds,Music
bad,0.2990654205279937,0.6816668348331332,0.3592233009086624,No Copyright Sounds,Music
habit,0.5404984424551634,0.265651801009598,0.5327669902944433,No Copyright Sounds,Music
version,0.5940420561025253,0.4219554030866842,0.6116504854962768,No Copyright Sounds,Music
release,0.7102803739116953,0.5454545454685794,0.7281553398765199,No Copyright Sounds,Music
magic,0.8919392523781279,0.817879124197687,0.4053398058160524,No Copyright Sounds,Music
wrong,0.336448598146563,0.6998284734459485,0.3300970873136016,No Copyright Sounds,Music
king,0.5327102803987247,0.6544243769910972,0.6310679611777735,No Copyright Sounds,Music
paper,0.6448598131142457,0.2753001715081836,0.5825242719012159,No Copyright Sounds,Music
wall,0.3925233645043235,0.2058319039183674,0.4368932039259119,No Copyright Sounds,Music
release,0.7102803739116953,0.5454545454685794,0.7281553398765199,No Copyright Sounds,Music
rate,0.5981308411961743,0.4631217839321072,0.5436893203925912,No Copyright Sounds,Music
music,0.8691588785452877,0.5763293310640533,0.7475728155580167,Coldplay,Music
sphere,0.5327102803987247,0.411663807836735,0.563106796074088,Coldplay,Music
live,0.6261682243750546,0.6419382504544351,0.8058252427481383,Coldplay,Music
river,0.794392523448336,0.2881646654548397,0.4757281552889056,Coldplay,Music
plate,0.551401869137916,0.3235420240011114,0.6407766990913374,Coldplay,Music
worldwide,0.7663551402694558,0.5454545454685794,0.6893203883678951,Coldplay,Music
sky,0.8043224299441272,0.3602058318957365,0.5691747572882694,Coldplay,Music
star,0.8598130841055986,0.3428387649982825,0.6783980582697473,Coldplay,Music
live,0.6261682243750546,0.6419382504544351,0.8058252427481383,Coldplay,Music
river,0.794392523448336,0.2881646654548397,0.4757281552889056,Coldplay,Music
plate,0.551401869137916,0.3235420240011114,0.6407766990913374,Coldplay,Music
thank,0.8130841121875272,0.4631217839321072,0.7864077670666414,Coldplay,Music
love,0.9719626168211196,0.7577186964374619,0.6844660194839287,Coldplay,Music
wait,0.4392523364223949,0.5454545454685794,0.3592233009086624,Coldplay,Music
come,0.6641355140497259,0.4939965695275811,0.5600728155398128,Coldplay,Music
back,0.4626168224515241,0.3704974271456858,0.5145631067975304,Coldplay,Music
ticket,0.5794392523167962,0.4322469983366334,0.4508495145583348,Coldplay,Music
sale,0.775700934568958,0.7204116637914731,0.5048543688839664,Coldplay,Music
thank,0.8130841121875272,0.4631217839321072,0.7864077670666414,Coldplay,Music
legendary,0.8504672898060965,0.7287735849417052,0.7281553398765199,Coldplay,Music
night,0.775700934568958,0.3499142366457873,0.6504854368592704,Coldplay,Music
music,0.8691588785452877,0.5763293310640533,0.7475728155580167,Coldplay,Music
sphere,0.5327102803987247,0.411663807836735,0.563106796074088,Coldplay,Music
live,0.6261682243750546,0.6419382504544351,0.8058252427481383,Coldplay,Music
river,0.794392523448336,0.2881646654548397,0.4757281552889056,Coldplay,Music
plate,0.551401869137916,0.3235420240011114,0.6407766990913374,Coldplay,Music
official,0.6261682243750546,0.5454545454685794,0.4599514563067914,Coldplay,Music
trailer,0.6728971962931259,0.4219554030866842,0.5533980583061551,Coldplay,Music
debt,0.08411214953664076,0.7204116637914731,0.1262135921481761,The Two Preachers,Non-Profit & Charity
slave,0.08878504668639181,0.6174957119094763,0.07766990287161844,The Two Preachers,Non-Profit & Charity
mission,0.6168224299353654,0.6483704975049501,0.7378640776444527,The Two Preachers,Non-Profit & Charity
debt,0.08411214953664076,0.7204116637914731,0.1262135921481761,The Two Preachers,Non-Profit & Charity
wildfire,0.1962616822521618,0.7204116637914731,0.1553398057432369,The Two Preachers,Non-Profit & Charity
control,0.5046728972198444,0.5969125214095777,0.5145631067975304,The Two Preachers,Non-Profit & Charity
march,0.663551401853437,0.4837049742776318,0.5236650485459868,The Two Preachers,Non-Profit & Charity
episode,0.4859813084806534,0.3621355059954536,0.5242718447110942,The Two Preachers,Non-Profit & Charity
worldwide,0.7663551402694558,0.5454545454685794,0.6893203883678951,The Two Preachers,Non-Profit & Charity
natural,0.8218457944309273,0.4728079911716921,0.7572815534715807,The Two Preachers,Non-Profit & Charity
event,0.7102803739116953,0.4631217839321072,0.5922330096691487,The Two Preachers,Non-Profit & Charity
cyclone,0.3084112149676828,0.8336192110777929,0.1844660193382977,The Two Preachers,Non-Profit & Charity
cause,0.5140186916595335,0.58177782269421,0.572815533987652,The Two Preachers,Non-Profit & Charity
major,0.551401869137916,0.7191252144431196,0.6213592232642096,The Two Preachers,Non-Profit & Charity
march,0.663551401853437,0.4837049742776318,0.5236650485459868,The Two Preachers,Non-Profit & Charity
god,0.5794392523167962,0.3704974271456858,0.5048543688839664,The Two Preachers,Non-Profit & Charity
set,0.5046728972198444,0.3910806174912104,0.6019417475827127,The Two Preachers,Non-Profit & Charity
free,1.0,0.6174957119094763,0.8737864078518238,The Two Preachers,Non-Profit & Charity
debt,0.08411214953664076,0.7204116637914731,0.1262135921481761,The Two Preachers,Non-Profit & Charity
slave,0.08878504668639181,0.6174957119094763,0.07766990287161844,The Two Preachers,Non-Profit & Charity
family,0.8224299066272163,0.3093532438107285,0.4854368932024695,The Two Preachers,Non-Profit & Charity
mission,0.6168224299353654,0.6483704975049501,0.7378640776444527,The Two Preachers,Non-Profit & Charity
new,0.7692757009705269,0.4939965695275811,0.5825242719012159,The Two Preachers,Non-Profit & Charity
event,0.7102803739116953,0.4631217839321072,0.5922330096691487,The Two Preachers,Non-Profit & Charity
part,0.4953271027801554,0.2984562607047889,0.5048543688839664,The Two Preachers,Non-Profit & Charity
event,0.7102803739116953,0.4631217839321072,0.5922330096691487,The Two Preachers,Non-Profit & Charity
part,0.4953271027801554,0.2984562607047889,0.5048543688839664,The Two Preachers,Non-Profit & Charity
tomato,0.6915887850323172,0.3814322469926248,0.6213592232642096,The Two Preachers,Non-Profit & Charity
live,0.6261682243750546,0.6419382504544351,0.8058252427481383,The Two Preachers,Non-Profit & Charity
tv,0.7663551402694558,0.4219554030866842,0.4466019416938448,The Two Preachers,Non-Profit & Charity
meat,0.7196261682111974,0.4631217839321072,0.6601941747728344,The Two Preachers,Non-Profit & Charity
truth,0.7383177570905756,0.6998284734459485,0.6893203883678951,The Two Preachers,Non-Profit & Charity
go,0.7476635513900777,0.5969125214095777,0.8446601942567631,The Two Preachers,Non-Profit & Charity
spot,0.448598130862084,0.4939965695275811,0.5145631067975304,The Two Preachers,Non-Profit & Charity
breakfast,0.8504672898060965,0.5660377358141041,0.7766990291530775,The Two Preachers,Non-Profit & Charity
think,0.7383177570905756,0.6362627383782821,0.8252427184296351,The Two Preachers,Non-Profit & Charity
patriot,0.5233644859590357,0.5936963979615073,0.4781553398037043,The Two Preachers,Non-Profit & Charity
take,0.5327102803987247,0.5248713551230548,0.6407766990913374,The Two Preachers,Non-Profit & Charity
one,0.5981308411961743,0.4631217839321072,0.7087378640493919,The Two Preachers,Non-Profit & Charity
regret,0.2056074766918508,0.7512864493869469,0.2135922329333585,The Two Preachers,Non-Profit & Charity
two,0.5420560748384138,0.2945969125053547,0.5054611650490739,The Two Preachers,Non-Profit & Charity
year,0.4672897196012751,0.3704974271456858,0.4690533980552479,The Two Preachers,Non-Profit & Charity
go,0.7476635513900777,0.5969125214095777,0.8446601942567631,The Two Preachers,Non-Profit & Charity
student,0.5986805937195645,0.5042881646231564,0.4757281552889056,The Two Preachers,Non-Profit & Charity
shock,0.3750000000175233,0.7101200686958977,0.3980582524172872,The Two Preachers,Non-Profit & Charity
end,0.4205607476832037,0.6998284734459485,0.6796116504543313,The Two Preachers,Non-Profit & Charity
campus,0.5140186916595335,0.452830188682158,0.5825242719012159,The Two Preachers,Non-Profit & Charity
debate,0.5046728972198444,0.6907476542167279,0.6893203883678951,The Two Preachers,Non-Profit & Charity
uncomfortable,0.2429906541702332,0.7512864493869469,0.2330097087604864,The Two Preachers,Non-Profit & Charity
fisherman,0.560747663577605,0.2469982847637905,0.4563106796074087,The Two Preachers,Non-Profit & Charity
take,0.5327102803987247,0.5248713551230548,0.6407766990913374,The Two Preachers,Non-Profit & Charity
matt,0.551401869137916,0.2778730703592643,0.5825242719012159,The Two Preachers,Non-Profit & Charity
british,0.6290887850761255,0.555102915967165,0.4872572815521609,The Two Preachers,Non-Profit & Charity
culture,0.7663551402694558,0.5692043805657706,0.4697535473757042,The Two Preachers,Non-Profit & Charity
bird,0.7196261682111974,0.4219554030866842,0.5782766990367258,The Two Preachers,Non-Profit & Charity
flu,0.2336448598707311,0.6816668348331332,0.2135922329333585,The Two Preachers,Non-Profit & Charity
cancel,0.3925233645043235,0.3717838764940392,0.4690533980552479,The Two Preachers,Non-Profit & Charity
christmas,0.8418720932636389,0.7815558471264303,0.6116504854962768,The Two Preachers,Non-Profit & Charity
